{
    "Los Angeles" : [34.052146, -118.242245],
    "San Francisco": [37.774183, -122.388382],
    "Fresno": [36.738141, -119.782648],
    "Bakersfield": [35.373472, -119.019270],
    "Irvine": [33.684695, -117.825451],
    "San Diego": [32.716589, -117.162666]
}